latitude,longitude,timestamp,speed,zone_id,SOS,time_spent_in_zone,distance_to_zone_center,near_dangerous_area,outside_safe_zone,anomaly_score,anomaly,predicted_SOS
27.409116799790542,88.64223096825158,2025-09-14 22:28:01,1.07,4,0,0.0,8545.928480370114,0,0,-0.008508271068872864,-1,1
27.23904818025376,88.47529742262935,2025-09-14 22:33:01,1.12,1,0,300.0,17062.70468237224,0,0,0.15953385423453875,1,0
27.22175652422068,88.59771170712116,2025-09-14 22:38:01,2.65,4,0,300.0,13009.557935608904,1,0,0.00017363818507898365,1,1
27.29836647709784,88.70742660286889,2025-09-14 22:43:01,4.34,1,0,300.0,10952.384779467824,0,0,0.16016498004598523,1,0
27.474401638131773,88.64948540661027,2025-09-14 22:48:01,3.57,5,0,300.0,15605.11443184887,0,0,0.1554070851411189,1,0
27.28084679813285,88.44264033644815,2025-09-14 22:53:01,3.04,2,0,300.0,17448.163379338996,0,0,0.1601444977122432,1,0
27.249043468823075,88.70764089988246,2025-09-14 22:58:01,2.29,4,0,300.0,14120.501985135732,0,0,0.18148389018013783,1,0
27.321964790289982,88.62216296301611,2025-09-14 23:03:01,1.1,3,0,300.0,2433.9649759721083,0,0,0.13896675085568727,1,0
27.39627030108998,88.67733701153715,2025-09-14 23:08:01,2.36,2,0,300.0,9461.733339986613,0,0,0.18998552622405296,1,0
27.2683067321287,88.66403078396453,2025-09-14 23:13:01,3.78,1,0,300.0,9675.712252152742,0,0,0.17025946078456838,1,0
27.47569049836936,88.63630406093208,2025-09-14 23:18:01,4.54,4,0,300.0,15441.662218108555,0,0,0.15108685150422524,1,0
27.32993569088048,88.61517795309666,2025-09-14 23:23:01,5.89,2,0,300.0,1313.0779102869776,0,0,0.042835705062180485,1,0
27.39963214367568,88.69622439764501,2025-09-14 23:28:01,4.78,4,1,300.0,11139.01336275244,0,0,0.14941364971731436,1,0
27.397038592897427,88.64816176921609,2025-09-14 23:33:01,1.04,1,0,300.0,7647.922255152319,0,0,0.15827529759077535,1,0
27.358618341316877,88.69323346280059,2025-09-14 23:38:01,2.16,1,0,300.0,8855.78203123147,0,0,0.18010857636984268,1,0
27.277257897739737,88.64884291518801,2025-09-14 23:43:01,3.64,1,0,300.0,8013.837786693278,0,0,0.17381596922608383,1,0
27.33733132687195,88.58288273381248,2025-09-14 23:48:01,3.95,2,1,300.0,2343.532774841418,0,0,0.12959154705900067,1,0
27.2855371600198,88.66909244498248,2025-09-14 23:53:01,5.77,5,0,300.0,8564.265329176515,0,0,0.1088683456466904,1,0
27.31040816033757,88.78567029275824,2025-09-14 23:58:01,0.82,3,0,300.0,18011.03665063017,0,0,0.10939642304155,1,0
27.373575388184868,88.64987124797851,2025-09-15 00:03:01,3.35,5,0,300.0,5760.009769187786,0,0,0.17886364628311102,1,0
27.446785994723825,88.65813467938443,2025-09-15 00:08:01,5.22,2,0,300.0,12999.991465181387,0,0,0.14075977904589065,1,0
27.35145543532577,88.59196050943906,2025-09-15 00:13:01,3.69,4,0,300.0,2001.3494025932346,0,0,0.1327579740643649,1,0
27.330023760344183,88.6338680165564,2025-09-15 00:18:01,0.37,1,0,300.0,2881.3946294772545,0,0,0.09198098919169284,1,0
27.247491223532247,88.46363938967497,2025-09-15 00:23:01,5.13,2,0,300.0,17395.629383381893,0,0,0.12139014611645371,1,0
27.323327915115783,88.59441854554447,2025-09-15 00:28:01,5.77,4,0,300.0,2099.265811521535,0,0,0.07145849206017663,1,0
27.36530274124017,88.70667588345376,2025-09-15 00:33:01,2.56,5,0,300.0,10334.558813030939,0,0,0.19209764601373724,1,0
27.34458109117357,88.58465760908554,2025-09-15 00:38:01,5.13,2,0,300.0,2251.1817497652696,0,0,0.09343802634233933,1,0
27.3475743656772,88.80027935489457,2025-09-15 00:43:01,4.73,4,0,300.0,19198.883141456,0,0,0.08598121054419017,1,0
27.224683445361386,88.7591318781256,2025-09-15 00:48:01,5.46,3,0,300.0,19711.284243318856,0,0,0.03593001838590382,1,0
27.414980550719434,88.64800852151443,2025-09-15 00:53:01,5.5,4,0,300.0,9377.230848918753,0,0,0.13596660948284517,1,0
27.33838242635482,88.6546212399484,2025-09-15 00:58:01,1.53,5,0,300.0,4762.223283221264,0,0,0.15973359669756126,1,0
27.35911588869549,88.60954046898817,2025-09-15 01:03:01,2.64,5,0,300.0,2260.214420781767,0,0,0.16087670196516957,1,0
27.466201068363805,88.56242690510126,2025-09-15 01:08:01,1.65,5,0,300.0,14764.29323612805,0,0,0.17036699871071004,1,0
27.346418458184697,88.78619822577217,2025-09-15 01:13:01,1.29,2,0,300.0,17801.052911743074,0,0,0.14522808698279555,1,0
27.39064358556044,88.75286198513439,2025-09-15 01:18:01,2.63,5,0,300.0,15573.843793290402,0,0,0.1799118100785556,1,0
27.28428182629915,88.631219466956,2025-09-15 01:23:01,0.96,3,0,300.0,6528.021178547087,0,0,0.14782851651768553,1,0
27.33884205581544,88.65705185452796,2025-09-15 01:28:01,1.3,1,0,300.0,5002.395242031311,0,0,0.1666924098614505,1,0
27.26972375826024,88.64763439414408,2025-09-15 01:33:01,1.66,3,0,300.0,8679.629007748206,0,0,0.17252100953628857,1,0
27.28085040381928,88.72073840056737,2025-09-15 01:38:01,1.49,2,0,300.0,13009.01674328455,0,0,0.1718072417856955,1,0
27.211615870230137,88.512534609506,2025-09-15 01:43:01,2.11,1,0,300.0,16896.27416620967,0,0,0.17198850775709357,1,0
27.331176613333096,88.61400161534165,2025-09-15 01:48:01,4.53,1,0,300.0,1132.9228612800225,0,0,0.09364229096600984,1,0
27.451846725484955,88.54147568605795,2025-09-15 01:53:01,2.13,2,0,300.0,14071.293406405186,0,0,0.1795015035467838,1,0
27.44105447111595,88.60903978933608,2025-09-15 01:58:01,1.82,1,0,300.0,11322.49201755255,0,0,0.19251871498207956,1,0
27.237715139238546,88.5054710596998,2025-09-15 02:03:01,2.02,2,0,300.0,15024.96126778368,0,0,0.17453089936853305,1,0
27.335396819011347,88.60726229449443,2025-09-15 02:08:01,3.28,2,0,300.0,395.44500630935676,0,0,0.08537639513073514,1,0
27.213171090641342,88.51904091871876,2025-09-15 02:13:01,4.97,1,0,300.0,16403.648885132396,0,0,0.1303956045071774,1,0
27.36714091318048,88.7153273978632,2025-09-15 02:18:01,1.95,3,0,300.0,11213.230925539592,0,0,0.19375060295796437,1,0
27.276525738721386,88.66362030052701,2025-09-15 02:23:01,5.52,4,0,300.0,8929.574399090037,0,0,0.13238671804569518,1,0
27.34586739741897,88.64936871641135,2025-09-15 02:28:01,4.48,1,0,300.0,4311.652748593792,0,0,0.13941489167683968,1,0
27.257234329955438,88.57504948935825,2025-09-15 02:33:01,1.63,5,0,300.0,9569.81925813392,0,0,0.17545309853994595,1,0
27.460419222954407,88.54726808639957,2025-09-15 02:38:01,4.55,4,0,300.0,14684.61957185146,0,0,0.15462117806216213,1,0
27.41402885611141,88.78853105507275,2025-09-15 02:43:01,1.35,1,0,300.0,19838.205236675258,0,0,0.10060662248604368,1,0
27.212942033402214,88.51950569089055,2025-09-15 02:48:01,4.32,5,0,300.0,16401.00124788924,0,0,0.13374271828283435,1,0
27.498500399983214,88.64795729781376,2025-09-15 02:53:01,3.32,5,0,300.0,18154.260109233914,0,0,0.12469306414415343,1,0
27.33246208887085,88.52122842064749,2025-09-15 02:58:01,3.0,3,0,300.0,8468.445946109132,0,0,0.18192946211797928,1,0
27.2990478971079,88.69969848610307,2025-09-15 03:03:01,4.21,1,0,300.0,10226.720493807677,0,0,0.15630335671901524,1,0
27.238658750605136,88.47980905001387,2025-09-15 03:08:01,1.33,2,0,300.0,16753.792561472823,0,0,0.1611296001417592,1,0
27.3086912447987,88.71177995456999,2025-09-15 03:13:01,2.64,3,0,300.0,10943.950421317093,0,0,0.1919101863171398,1,0
27.339389429589893,88.61149986825751,2025-09-15 03:18:01,1.24,1,0,300.0,497.7274372109218,0,0,0.0766614232515741,1,0
27.394574124409395,88.61864873489083,2025-09-15 03:23:01,5.7,2,0,300.0,6285.196917309246,0,0,0.11756565036078459,1,0
27.43319475293224,88.60196971328632,2025-09-15 03:28:01,4.81,5,0,300.0,10458.370468443529,0,0,0.15268128913983892,1,0
27.33029618699585,88.65563559909806,2025-09-15 03:33:01,1.09,5,0,300.0,4955.014273501507,0,0,0.16388668601176115,1,0
27.354623427629733,88.6443850122063,2025-09-15 03:38:01,1.52,2,0,300.0,4133.778798894876,0,0,0.1576502324768716,1,0
27.2724812654251,88.58896429233661,2025-09-15 03:43:01,1.9,3,0,300.0,7561.668713014392,0,0,0.18374282093576683,1,0
27.22694367968794,88.60843114229513,2025-09-15 03:48:01,4.97,2,0,300.0,12407.127770475116,0,0,0.15365083724565126,1,0
27.397521637099896,88.77405854540831,2025-09-15 03:53:01,5.07,2,1,300.0,17803.815062062567,0,0,0.11324307822230012,1,0
27.21856818141485,88.53144216126228,2025-09-15 03:58:01,3.7,3,0,300.0,15264.787696894118,0,0,0.15738055858299088,1,0
27.30109422636931,88.58012098898682,2025-09-15 04:03:01,0.14,5,0,300.0,4936.159864471461,0,0,0.049736356547361305,1,0
27.342478932490557,88.45198453125194,2025-09-15 04:08:01,5.77,5,0,300.0,15295.068853549274,0,0,0.10124317621338319,1,0
27.383362819965157,88.76078912363414,2025-09-15 04:13:01,2.22,5,0,300.0,16040.140440213325,0,0,0.17296696267836864,1,0
27.2715600258546,88.65799431844731,2025-09-15 04:18:01,3.82,2,0,300.0,9036.60719919239,0,0,0.16125078140900434,1,0
27.447372257958857,88.61771411261864,2025-09-15 04:23:01,0.39,5,0,300.0,12070.849138852227,0,0,0.10422594752323688,1,0
27.40659279599021,88.63263539014815,2025-09-15 04:28:01,5.87,3,0,300.0,7934.076759925747,0,0,0.08547108066207587,1,0
27.251615646817594,88.57670936431492,2025-09-15 04:33:01,3.57,1,0,300.0,10111.445394655791,0,0,0.1748152026595436,1,0
27.45865670549179,88.54750144827607,2025-09-15 04:38:01,0.91,5,0,300.0,14496.450101158993,0,0,0.14968220498529566,1,0
27.32886695861019,88.6277402804233,2025-09-15 04:43:01,3.14,1,0,300.0,2377.8428417244986,0,0,0.16084868134520075,1,0
27.30415474494918,88.58373956756691,2025-09-15 04:48:01,1.45,3,0,300.0,4460.647443961115,0,0,0.15955100327846905,1,0
27.351354244217102,88.68053464938704,2025-09-15 04:53:01,4.94,4,0,300.0,7454.589430729924,0,0,0.1462745524970625,1,0
27.27729609332049,88.59220100074732,2025-09-15 04:58:01,4.65,3,0,300.0,6971.416279288267,0,0,0.15564446399092052,1,0
27.198645844494347,88.74172490852798,2025-09-15 05:03:01,0.52,1,0,300.0,20513.743929193424,0,1,-0.10019708741047728,-1,1
27.37020041431749,88.57519713499484,2025-09-15 05:08:01,4.82,2,0,300.0,4649.945612037691,0,0,0.12897423793524615,1,0
27.31336958950952,88.49474869746251,2025-09-15 05:13:01,4.47,5,0,300.0,11415.77082986022,0,0,0.16265167555752053,1,0
27.343437104854324,88.68925567350192,2025-09-15 05:18:01,3.76,2,0,300.0,8204.390051148035,0,0,0.1663854856019532,1,0
27.40787575816073,88.64801908461406,2025-09-15 05:23:01,3.49,5,0,300.0,8676.845670781338,0,0,0.1615546430527265,1,0
27.350448330619432,88.65330068359427,2025-09-15 05:28:01,2.72,4,0,300.0,4804.500721084767,0,0,0.1754492343651496,1,0
27.49388116759585,88.65203116703904,2025-09-15 05:33:01,2.02,1,0,300.0,17753.8792071419,0,0,0.15925223733988164,1,0
27.33194849256805,88.62101510139948,2025-09-15 05:38:01,0.8,4,0,300.0,1629.9007364827855,0,0,0.09892403756333801,1,0
27.38904852201549,88.59215583656874,2025-09-15 05:43:01,1.26,2,0,300.0,5735.264921299183,0,0,0.161307926050763,1,0
27.300153794169237,88.55693892767735,2025-09-15 05:48:01,5.56,5,0,300.0,6518.769610389006,0,0,0.13256943576135133,1,0
27.384146654300743,88.5691183921439,2025-09-15 05:53:01,4.47,4,0,300.0,6230.215787235365,0,0,0.1515157931040398,1,0
27.28670884918309,88.46278111640707,2025-09-15 05:58:01,0.77,2,0,300.0,15355.768984927501,0,0,0.13046974645175263,1,0
27.25922549595299,88.65355254463306,2025-09-15 06:03:01,3.88,5,0,300.0,9981.929457206123,0,0,0.16676298380791316,1,0
27.244045306898965,88.46619147733934,2025-09-15 06:08:01,2.83,2,0,300.0,17418.73578436628,0,0,0.1611162108550988,1,0
27.266889774805374,88.6781315758683,2025-09-15 06:13:01,1.71,2,0,300.0,10674.587912582541,0,0,0.1891076651110839,1,0
27.27502446975297,88.69970125791824,2025-09-15 06:18:01,5.56,4,0,300.0,11627.803889576768,0,0,0.1251891818567042,1,0
27.3293866351784,88.60996005801225,2025-09-15 06:23:01,3.18,4,0,300.0,1108.3795705635753,0,0,0.12641569382016488,1,0
27.3556333184916,88.6096634208234,2025-09-15 06:28:01,2.54,2,0,300.0,1880.4374047333692,0,0,0.16742361074499423,1,0
27.41190144002193,88.526874389339,2025-09-15 06:33:01,0.68,5,0,300.0,11290.713444557325,0,0,0.12767476489324248,1,0
27.172909727732,88.56701001480295,2025-09-15 06:38:01,4.43,2,0,300.0,18804.11835418962,0,0,0.0963738713122948,1,0
27.42898196872226,88.68741523934003,2025-09-15 06:43:01,4.04,2,0,300.0,12794.517567140841,0,0,0.15337703993744162,1,0
27.31470370550368,88.45667992087931,2025-09-15 06:48:01,2.23,5,0,300.0,15067.610646102343,0,0,0.18213179159342185,1,0
27.299958017426317,88.6096873990184,2025-09-15 06:53:01,0.24,3,0,300.0,4326.6213359085805,0,0,0.07443223969316481,1,0
27.398516824659502,88.69017383847975,2025-09-15 06:58:01,2.22,5,0,300.0,10590.665715032961,0,0,0.1957197062714922,1,0
27.320459844353472,88.60201769804608,2025-09-15 07:03:01,5.89,4,0,300.0,2090.92480564079,0,0,0.060977504119521186,1,0
27.329229415855394,88.63206071799978,2025-09-15 07:08:01,4.63,1,0,300.0,2747.107062011665,0,0,0.1174131782830437,1,0
27.303669932158687,88.48704655278499,2025-09-15 07:13:01,5.09,1,0,300.0,12450.305101673255,0,0,0.15338812952586534,1,0
27.30798563855439,88.73353512582932,2025-09-15 07:18:01,4.76,1,0,300.0,13030.90163254834,0,0,0.15626568892209047,1,0
27.32168593416841,88.71147646220325,2025-09-15 07:23:01,0.41,2,0,300.0,10562.47417056829,0,0,0.11228497526256265,1,0
27.32472127984653,88.74704203561619,2025-09-15 07:28:01,5.0,2,0,300.0,13996.76601430061,0,0,0.13764305626891987,1,0
27.24809601660232,88.50866288162877,2025-09-15 07:33:01,1.72,3,0,300.0,13965.981370214831,0,0,0.17891215806083133,1,0
27.389384173006285,88.70427188007307,2025-09-15 07:38:01,2.79,3,0,300.0,11174.022532017843,0,0,0.18449295304666485,1,0
27.18245605125364,88.62542785416203,2025-09-15 07:43:01,1.48,2,0,300.0,17436.218539774785,0,0,0.1613965886745945,1,0
27.276708112057776,88.68113641439791,2025-09-15 07:48:01,1.39,3,0,300.0,10102.971305550396,0,0,0.16961876734266318,1,0
27.299828080023385,88.73572980829046,2025-09-15 07:53:01,3.75,2,0,300.0,13503.156718416545,0,0,0.16398268394150145,1,0
27.39198797433201,88.6710562456664,2025-09-15 07:58:01,3.13,2,0,300.0,8683.037805354332,0,0,0.17988665427781675,1,0
27.274140453076523,88.633512420744,2025-09-15 08:03:01,4.43,1,0,300.0,7657.856991399975,0,0,0.15471371834432784,1,0
27.327929602944906,88.61399457523858,2025-09-15 08:08:01,3.9,3,0,300.0,1424.0059300121059,0,0,0.12151352207985311,1,0
27.329726872918464,88.6346809237636,2025-09-15 08:13:01,3.02,4,0,300.0,2968.242889126718,0,0,0.1627650900297163,1,0
27.327472807062005,88.75694697537072,2025-09-15 08:18:01,2.8,2,0,300.0,14942.084154222537,0,0,0.17383203532922703,1,0
27.364046601659552,88.59469659252373,2025-09-15 08:23:01,1.86,3,0,300.0,3021.3195282544084,0,0,0.16194695286833805,1,0
27.251740215077124,88.58913215064979,2025-09-15 08:28:01,4.28,1,0,300.0,9809.860084704382,0,0,0.16144401967574412,1,0
27.31304640001344,88.65120673450956,2025-09-15 08:33:01,0.82,2,0,300.0,5270.982527942568,0,0,0.13434968341119946,1,0
27.459456486890847,88.73976404001587,2025-09-15 08:38:01,5.98,5,0,300.0,18766.27752158994,0,0,0.019420045502367644,1,0
27.328366521587657,88.61503714803108,2025-09-15 08:43:01,0.7,4,0,300.0,1440.8722717220255,0,0,0.08255034193112765,1,0
27.255995681885917,88.64044510045112,2025-09-15 08:48:01,5.69,2,0,300.0,9781.772356999858,0,0,0.11949513087962654,1,0
27.317503292555,88.69818726369598,2025-09-15 08:53:01,0.26,4,0,300.0,9378.482913757507,0,0,0.08510110532897497,1,0
27.42111218632285,88.70794504529549,2025-09-15 08:58:01,5.46,5,0,300.0,13553.167470700406,0,0,0.12386932311312998,1,0
27.353961359976232,88.58005294937567,2025-09-15 09:03:01,5.87,1,0,300.0,3103.7951975475735,0,0,0.07556737792676216,1,0
27.28358520324852,88.47591243095499,2025-09-15 09:08:01,3.82,4,0,300.0,14305.224666458716,0,0,0.1567724508182013,1,0
27.438648164681272,88.69008224335728,2025-09-15 09:13:01,0.35,3,0,300.0,13802.795326762638,0,0,0.10637707830176285,1,0
27.31505407453449,88.5813423682015,2025-09-15 09:18:01,0.57,1,0,300.0,3630.539761453605,0,0,0.11295310317980733,1,0
27.33257916797568,88.63804555363491,2025-09-15 09:23:01,1.85,4,0,300.0,3199.307008691058,0,0,0.1671800222676873,1,0
27.40605037699385,88.60008462209817,2025-09-15 09:28:01,4.73,5,0,300.0,7467.909490346802,0,0,0.15120066004345162,1,0
27.32269537479001,88.46453224899774,2025-09-15 09:33:01,2.17,5,0,300.0,14163.807155355607,0,0,0.1790400828363049,1,0
27.4161660633612,88.56173426342092,2025-09-15 09:38:01,4.85,1,0,300.0,9639.208158266041,0,0,0.15243030916018863,1,0
27.279816505386528,88.70005755573692,2025-09-15 09:43:01,5.61,3,0,300.0,11341.047200298735,0,0,0.12034131522900204,1,0
27.359718370195434,88.6601599795019,2025-09-15 09:48:01,1.79,2,0,300.0,5788.953717223281,0,0,0.17013811331388545,1,0
27.294815865473517,88.47626696818811,2025-09-15 09:53:01,2.42,2,0,300.0,13784.416306748488,0,0,0.18810802988856912,1,0
27.490368798410938,88.59957294720682,2025-09-15 09:58:01,3.89,1,0,300.0,16798.241850907387,0,0,0.14075911955818865,1,0
27.297323500531164,88.63488552640713,2025-09-15 10:03:01,3.6,3,0,300.0,5396.0764633300005,0,0,0.164139539233924,1,0
27.3257128514032,88.62617929148408,2025-09-15 10:08:01,0.95,2,0,300.0,2434.7443785265386,0,0,0.13318335921281915,1,0
27.31294225749657,88.52749346560377,2025-09-15 10:13:01,3.3,4,0,300.0,8331.320383417164,0,0,0.18130804906496567,1,0
27.32821419362392,88.61934998947068,2025-09-15 10:18:01,1.92,2,0,300.0,1737.560270373569,0,0,0.1522926530376026,1,0
27.1958353111018,88.66617776505528,2025-09-15 10:23:01,1.65,4,0,300.0,16918.225473117112,0,0,0.16923185862410722,1,0
27.18311520233064,88.54274525171614,2025-09-15 10:28:01,2.8,5,0,300.0,18380.406190821308,0,0,0.12518407591959763,1,0
27.3366483364974,88.6088436066779,2025-09-15 10:33:01,3.68,5,0,300.0,340.6422177319387,0,0,0.0771443121688602,1,0
27.28692480125877,88.6349410066242,2025-09-15 10:38:01,4.15,3,0,300.0,6410.457704570161,0,0,0.1503145297131921,1,0
27.29351894265665,88.5467700150599,2025-09-15 10:43:01,3.22,4,0,300.0,7761.218596016216,0,0,0.18390635840602393,1,0
27.30578316442243,88.63104926793994,2025-09-15 10:48:01,1.58,2,0,300.0,4401.065996916228,0,0,0.1566402408912665,1,0
27.431881559776343,88.77516238545846,2025-09-15 10:53:01,5.26,3,0,300.0,19608.246184844316,0,0,0.03771519835552439,1,0
27.348623095769558,88.43263030503546,2025-09-15 10:58:01,2.04,3,0,300.0,17238.33254879447,0,0,0.17136670162471473,1,0
27.37437399323558,88.64624950499719,2025-09-15 11:03:01,0.84,3,0,300.0,5560.442859223335,0,0,0.13807451100961698,1,0
27.209169064038083,88.60307967731431,2025-09-15 11:08:01,2.02,5,0,300.0,14379.194228231061,0,0,0.17409514231397571,1,0
27.47143191288448,88.5323440676674,2025-09-15 11:13:01,5.33,1,0,300.0,16415.19025411695,0,0,0.12017482624492498,1,0
27.329666684932224,88.62463591024216,2025-09-15 11:18:01,5.58,2,0,300.0,2065.874228019801,0,0,0.07770622726037146,1,0
27.312052271675118,88.55993424718643,2025-09-15 11:23:01,5.45,3,0,300.0,5485.311560465802,0,0,0.12178587410296277,1,0
27.3933417880727,88.61192631268104,2025-09-15 11:28:01,2.97,3,0,300.0,6056.495494579065,0,0,0.1774698256327767,1,0
27.173119618387577,88.65406282882921,2025-09-15 11:33:01,1.5,3,0,300.0,18963.957245111105,0,0,0.11861884000123929,1,0
27.42147535793607,88.63309623095716,2025-09-15 11:38:01,1.34,2,0,300.0,9520.844367565984,0,0,0.16560208035787782,1,0
27.380216809459977,88.6471593154,2025-09-15 11:43:01,1.63,4,0,300.0,6094.502245236595,0,0,0.16587659021515067,1,0
27.29824208264601,88.60239114469358,2025-09-15 11:48:01,1.1,4,0,300.0,4523.561810542188,0,0,0.15948218318071783,1,0
27.29043883119963,88.56557288153077,2025-09-15 11:53:01,2.38,1,0,300.0,6726.462291177329,0,0,0.19504470960880171,1,0
27.34299227808634,88.61295906491522,2025-09-15 11:58:01,4.02,3,0,300.0,783.6697017644876,0,0,0.0891816252030071,1,0
27.33024216275715,88.57639836217149,2025-09-15 12:03:01,1.06,4,0,300.0,3129.5173633144323,0,0,0.14623696121092572,1,0
27.401758084721667,88.59213453614257,2025-09-15 12:08:01,1.46,2,0,300.0,7108.766500272057,0,0,0.1684861965581787,1,0
27.378704097953403,88.44000708231162,2025-09-15 12:13:01,2.54,1,0,300.0,17052.740678104616,0,0,0.17008834942327272,1,0
27.25105030775092,88.47009464489788,2025-09-15 12:18:01,4.91,3,0,300.0,16646.36145979739,0,0,0.12848368752097072,1,0
27.38478727620816,88.43661692190244,2025-09-15 12:23:01,5.12,4,0,300.0,17559.722618781772,0,0,0.1167975397369132,1,0
27.33327983166666,88.58573107111758,2025-09-15 12:28:01,1.81,5,0,300.0,2147.5344448992346,0,0,0.14996601825386596,1,0
27.328775665547976,88.50792404732229,2025-09-15 12:33:01,2.64,3,0,300.0,9819.384021186484,0,0,0.19238255613328453,1,0
27.23619971278756,88.45033044671356,2025-09-15 12:38:01,2.83,3,0,300.0,19197.56012667612,0,0,0.10476193812604939,1,0
27.37000973779777,88.62834468616991,2025-09-15 12:43:01,2.51,4,0,300.0,4068.774596736967,0,0,0.18043839216954138,1,0
27.22996687106567,88.63120234867111,2025-09-15 12:48:01,5.19,3,0,300.0,12315.925373209002,0,0,0.14679520351281378,1,0
27.16625995634204,88.55541251736457,2025-09-15 12:53:01,1.58,5,0,300.0,19787.52804053271,0,0,0.1091164855157411,1,0
27.243253026723192,88.73585929840638,2025-09-15 12:58:01,2.05,1,0,300.0,16623.14959153112,0,0,0.16901509680218446,1,0
27.231125281723862,88.46409978905923,2025-09-15 13:03:01,0.98,1,0,300.0,18476.341045328958,0,0,0.1187236038324817,1,0
27.32544695019687,88.68465599442536,2025-09-15 13:08:01,3.23,3,0,300.0,7876.78962496534,0,0,0.18452955778072838,1,0
27.48505577726692,88.51903266839464,2025-09-15 13:13:01,5.19,3,0,300.0,18360.61858529724,0,0,0.09222121806311889,1,0
27.35703470190852,88.53400134067488,2025-09-15 13:18:01,2.53,3,0,300.0,7449.703576520468,0,0,0.1963152899283505,1,0
27.36719129385046,88.66482132868845,2025-09-15 13:23:01,3.26,2,0,300.0,6567.066082865015,0,0,0.18638255875390508,1,0
27.33006609041838,88.66663283568258,2025-09-15 13:28:01,0.76,2,0,300.0,6030.691141003391,0,0,0.133838206975679,1,0
27.277017868346277,88.58136261007402,2025-09-15 13:33:01,1.04,5,0,300.0,7294.537596787272,0,0,0.15696619095646697,1,0
27.354464507945607,88.65299348486487,2025-09-15 13:38:01,3.62,1,0,300.0,4913.132468360787,0,0,0.1629459117904286,1,0
27.306232694490163,88.76904866593725,2025-09-15 13:43:01,2.91,3,0,300.0,16489.676511704936,0,0,0.14915915043349331,1,0
27.484752869901328,88.55857465395871,2025-09-15 13:48:01,5.46,4,0,300.0,16842.52475887035,0,0,0.11461578618852575,1,0
27.366087521071723,88.78805865791584,2025-09-15 13:53:01,5.6,4,0,300.0,18214.915540952494,0,0,0.08556362098889114,1,0
27.232867580661956,88.56781389397253,2025-09-15 13:58:01,3.19,1,0,300.0,12357.743987603502,0,0,0.18642565420570506,1,0
27.29837515776275,88.58920871290447,2025-09-15 14:03:01,5.65,4,0,300.0,4805.560052690847,0,0,0.1039676370289343,1,0
27.357524968763823,88.5279389831946,2025-09-15 14:08:01,4.72,3,0,300.0,8042.70693837368,0,0,0.14636864408634082,1,0
27.325402522175292,88.61884575795494,2025-09-15 14:13:01,4.31,1,0,300.0,1931.2233294880946,0,0,0.11481289192803629,1,0
27.437668529826897,88.71406892053163,2025-09-15 14:18:01,1.87,2,0,300.0,15263.9472872973,0,0,0.17837867229402038,1,0
27.398855208670497,88.50545037561483,2025-09-15 14:23:01,1.73,1,0,300.0,12003.00365572591,0,0,0.18643069523936173,1,0
27.3398146946731,88.57222147977728,2025-09-15 14:28:01,5.8,2,0,300.0,3393.5520732242285,0,0,0.07680740571472278,1,0
27.32247297243544,88.76516271949627,2025-09-15 14:33:01,1.54,1,0,300.0,15806.879822550161,0,0,0.16148842958800136,1,0
27.325325477682544,88.61561718238265,2025-09-15 14:38:01,1.45,5,0,300.0,1754.0248498400463,0,0,0.13393872957838393,1,0
27.448413804768247,88.50745207577013,2025-09-15 14:43:01,2.16,5,0,300.0,15595.989120190126,0,0,0.17887895229494144,1,0
27.4706347782979,88.5116932023798,2025-09-15 14:48:01,4.3,3,0,300.0,17349.323056702444,0,0,0.12522217268914232,1,0
27.285325850376147,88.57451253072654,2025-09-15 14:53:01,2.69,3,0,300.0,6727.9899210710755,0,0,0.1900233658030686,1,0
27.358120950651475,88.7002089847756,2025-09-15 14:58:01,1.66,2,0,300.0,9513.702175381834,0,0,0.17924338996388478,1,0
27.36569200837745,88.59554558857837,2025-09-15 15:03:01,3.1,1,0,300.0,3160.464529598522,0,0,0.16836359835467196,1,0
27.43125958801676,88.63822552222096,2025-09-15 15:08:01,2.92,3,0,300.0,10704.638045217223,0,0,0.1806912215879043,1,0
27.240539361776595,88.7948015800285,2025-09-15 15:13:01,0.23,2,0,300.0,21594.095820730272,0,1,-0.13456098477695377,-1,1
27.363884612485226,88.587761791493,2025-09-15 15:18:01,4.75,3,0,300.0,3331.9946003887794,0,0,0.11896338891260338,1,0
27.321696556209588,88.60390934704392,2025-09-15 15:23:01,0.65,1,0,300.0,1923.4550270451475,0,0,0.1063087420460605,1,0
27.23751702364308,88.58000307047276,2025-09-15 15:28:01,5.18,5,0,300.0,11536.254304183849,0,0,0.14308774425767878,1,0
27.37838926270441,88.48082240193996,2025-09-15 15:33:01,3.59,5,0,300.0,13181.773971091203,0,0,0.17115967774735186,1,0
27.32166920723926,88.68715560979231,2025-09-15 15:38:01,2.34,2,0,300.0,8207.125931109029,0,0,0.19094701565136074,1,0
27.424221793468405,88.47995042354319,2025-09-15 15:43:01,0.26,1,0,300.0,15687.162649663256,0,0,0.08999621398175628,1,0
27.291616088519763,88.67365247637369,2025-09-15 15:48:01,4.35,5,0,300.0,8463.34515620888,0,0,0.1521674155400698,1,0
27.348196190507583,88.64176471012182,2025-09-15 15:53:01,1.94,1,0,300.0,3638.36321070786,0,0,0.17197216052457465,1,0
27.33476681986366,88.62216325099682,2025-09-15 15:58:01,2.48,4,0,300.0,1616.243542460808,0,0,0.1592391745795102,1,0
27.185669753763285,88.58550612010092,2025-09-15 16:03:01,4.73,2,0,300.0,17105.879323610723,0,0,0.1291798887447928,1,0
27.326359846815173,88.58166550105909,2025-09-15 16:08:01,2.39,3,0,300.0,2823.28259809903,0,0,0.16707443033018832,1,0
27.28229005521992,88.50987579983887,2025-09-15 16:13:01,1.77,3,0,300.0,11437.551994543172,0,0,0.19132680512164058,1,0
27.3079651529986,88.62345502642664,2025-09-15 16:18:01,4.67,4,0,300.0,3816.53239771706,0,0,0.12914635815303577,1,0
27.40822614941101,88.47533818964413,2025-09-15 16:23:01,5.05,4,0,300.0,15078.71453795676,0,0,0.14262071502675633,1,0
27.23657224098389,88.53398243368596,2025-09-15 16:28:01,1.22,3,0,300.0,13420.49000971095,0,0,0.16642706020602271,1,0
27.39006459749273,88.4808503168349,2025-09-15 16:33:01,2.62,2,0,300.0,13662.732181147596,0,0,0.18790496138965485,1,0
27.498149488902197,88.57839163097603,2025-09-15 16:38:01,0.16,4,0,300.0,17864.01533069386,0,0,0.03329203115310819,1,0
27.477399180243808,88.58800680249124,2025-09-15 16:43:01,2.45,4,0,300.0,15455.67676946138,0,0,0.18345673603590162,1,0
27.42600390104592,88.47281314147212,2025-09-15 16:48:01,4.29,1,0,300.0,16371.659851337985,0,0,0.1329825697360722,1,0
27.439927444797583,88.47191208540944,2025-09-15 16:53:01,0.45,4,0,300.0,17393.62431857087,0,0,0.09010402396179318,1,0
27.26332537116109,88.69941822475211,2025-09-15 16:58:01,0.34,5,0,300.0,12439.05467994853,0,0,0.10297478030422569,1,0
27.35429386439123,88.56332473466817,2025-09-15 17:03:01,5.2,2,0,300.0,4600.093307073728,0,0,0.11493582612049508,1,0
27.465085322775177,88.7304189018284,2025-09-15 17:08:01,1.07,2,0,300.0,18593.28330305797,0,0,0.1150705869325458,1,0
27.478473588184738,88.52229734565869,2025-09-15 17:13:01,3.12,2,0,300.0,17565.370326973538,0,0,0.14898105917018967,1,0
27.299812289385734,88.60176608082506,2025-09-15 17:18:01,2.95,2,0,300.0,4356.520854363129,0,0,0.17172476529532998,1,0
27.424166216786386,88.72133817367425,2025-09-15 17:23:01,4.89,1,0,300.0,14775.29920814137,0,0,0.14276477885199296,1,0
27.28345769667237,88.6085964096063,2025-09-15 17:28:01,2.6,5,0,300.0,6146.978210342962,0,0,0.19205044175980146,1,0
27.345830973420657,88.59581819579563,2025-09-15 17:33:01,3.34,5,0,300.0,1306.5513412344728,0,0,0.12799546840293252,1,0
27.33431596327216,88.55771650876974,2025-09-15 17:38:01,2.54,2,0,300.0,4854.149554043753,0,0,0.18383759711179715,1,0
27.35364092011963,88.61447486079233,2025-09-15 17:43:01,3.18,4,0,300.0,1814.0476523392367,0,0,0.15365198399061025,1,0
27.1778702287278,88.55999950885446,2025-09-15 17:48:01,1.26,2,0,300.0,18427.92338707462,0,0,0.1325445614518983,1,0
27.31920944974624,88.71004869113011,2025-09-15 17:53:01,3.3,3,0,300.0,10477.334010118415,0,0,0.18409465703055217,1,0
27.29607853026335,88.61997314491549,2025-09-15 17:58:01,2.29,3,0,300.0,4928.802802694149,0,0,0.18143500356726883,1,0
27.161328558259097,88.62246248911848,2025-09-15 18:03:01,1.64,1,0,300.0,19739.643607589776,0,0,0.1096801119097155,1,0
27.385069191413027,88.55058629733709,2025-09-15 18:08:01,2.72,1,0,300.0,7534.8721050020395,0,0,0.191344233784163,1,0
27.30638930765133,88.53679629041547,2025-09-15 18:13:01,5.49,2,0,300.0,7782.554155292552,0,0,0.1283277432205036,1,0
27.33592059339798,88.62595424658831,2025-09-15 18:18:01,3.74,5,0,300.0,1953.2361050306642,0,0,0.13299318048005532,1,0
27.190197899930123,88.52861675571098,2025-09-15 18:23:01,0.31,4,0,300.0,18192.83898819452,0,0,0.06138673356621671,1,0
27.42117719564493,88.57577018352802,2025-09-15 18:28:01,4.83,1,0,300.0,9610.495605897124,0,0,0.1500680008922735,1,0
27.30463478940388,88.78195132305038,2025-09-15 18:33:01,5.35,4,0,300.0,17774.821188344107,0,0,0.1024464729266934,1,0
27.337291157735503,88.67821278835402,2025-09-15 18:38:01,2.36,1,0,300.0,7098.673127135243,0,0,0.19437064265898235,1,0
27.362963301663807,88.69327985074256,2025-09-15 18:43:01,3.67,5,0,300.0,8990.915705223742,0,0,0.16660567144034522,1,0
27.309249343591347,88.6132200404189,2025-09-15 18:48:01,3.13,5,0,300.0,3352.18664035258,0,0,0.1682758123565939,1,0
27.36635924056413,88.46690461941878,2025-09-15 18:53:01,0.99,2,0,300.0,14143.223175899324,0,0,0.15722867768680537,1,0
27.297999474545502,88.62624805351341,2025-09-15 18:58:01,4.12,2,0,300.0,4935.626349713724,0,0,0.13853202501804657,1,0
27.47820439912009,88.51334488743508,2025-09-15 19:03:01,1.48,4,1,300.0,17976.348251965534,0,0,0.14831656926650144,1,0
27.449103414949693,88.54443290961238,2025-09-15 19:08:01,3.13,2,0,300.0,13667.805437021176,0,0,0.1794767642033061,1,0
27.21838504867418,88.7447875767061,2025-09-15 19:13:01,3.43,2,0,300.0,19125.71103053238,0,0,0.10483937940015953,1,0
27.339081162286348,88.56374140601929,2025-09-15 19:18:01,3.18,5,0,300.0,4231.2471235752555,0,0,0.17648764722063648,1,0
27.20350674389893,88.7354649644447,2025-09-15 19:23:01,1.64,2,0,300.0,19701.274257093763,0,0,0.11323582170025165,1,0
27.449122579831684,88.68665395744189,2025-09-15 19:28:01,1.43,5,0,300.0,14561.06639699343,0,0,0.16244202621548282,1,0
27.36887735347192,88.67516858403476,2025-09-15 19:33:01,1.14,1,0,300.0,7562.779969011979,0,0,0.16360462905391782,1,0
27.44090762282524,88.55019051441253,2025-09-15 19:38:01,5.77,1,0,300.0,12601.105826464056,0,0,0.1072965383117438,1,0
27.35933741515706,88.54428498025771,2025-09-15 19:43:01,3.56,5,0,300.0,6559.305793417496,0,0,0.1722603153057029,1,0
27.360252148699136,88.70729355429879,2025-09-15 19:48:01,2.77,5,0,300.0,10249.944771891101,0,0,0.18629201612593566,1,0
27.345049102381616,88.63370710668146,2025-09-15 19:53:01,3.55,1,0,300.0,2777.108200937067,0,0,0.1418581363767913,1,0
27.293548275324937,88.62126229806276,2025-09-15 19:58:01,3.06,4,0,300.0,5233.455500641435,0,0,0.1788653699593623,1,0
27.41685823369741,88.62637484001185,2025-09-15 20:03:01,5.48,4,0,300.0,8859.413241978194,0,0,0.12920935132713007,1,0
27.266876943161005,88.48349562808066,2025-09-15 20:08:01,3.8,2,0,300.0,14558.332115661966,0,0,0.15738898532966078,1,0
27.353003188910225,88.62443479522491,2025-09-15 20:13:01,3.41,3,0,300.0,2364.646525703724,0,0,0.14857095286534394,1,0
27.35199691145193,88.55853491934607,2025-09-15 20:18:01,3.2,4,0,300.0,4963.057487685546,0,0,0.17579792160026847,1,0
27.344884074946485,88.62901723674219,2025-09-15 20:23:01,2.15,4,0,300.0,2324.7207714109145,0,0,0.16129025811175612,1,0
27.260095807414668,88.58269196588515,2025-09-15 20:28:01,2.67,3,0,300.0,9044.605837375379,0,0,0.18176644855105423,1,0
27.243231196400416,88.6434069401686,2025-09-15 20:33:01,5.13,1,0,300.0,11212.86262554024,0,0,0.14382987595495367,1,0
27.45551600788385,88.4949956667116,2025-09-15 20:38:01,1.64,4,0,300.0,16988.356810838068,0,0,0.17062372521875907,1,0
27.45632815088864,88.73641457060843,2025-09-15 20:43:01,3.62,1,0,300.0,18286.980386080308,0,0,0.11713280782015756,1,0
27.37571495495162,88.64741122295187,2025-09-15 20:48:01,4.97,2,0,300.0,5746.814041973574,0,0,0.13351764614437805,1,0
27.340671208035708,88.60002780372949,2025-09-15 20:53:01,0.46,3,0,300.0,669.8528808709003,0,0,0.04781705565978833,1,0
27.31843145940589,88.60738938687608,2025-09-15 20:58:01,3.4,1,0,300.0,2269.799844930186,0,0,0.145398570388931,1,0
27.3363085569851,88.76364351773596,2025-09-15 21:03:01,2.16,1,0,300.0,15553.064338595643,0,0,0.18051760008192674,1,0
27.296372290184664,88.66572976240234,2025-09-15 21:08:01,5.37,2,0,300.0,7521.491401561607,0,0,0.13320582405280418,1,0
27.302611128503603,88.57627825503648,2025-09-15 21:13:01,1.17,5,0,300.0,5011.592839789912,0,0,0.16536404049685,1,0
27.44582819657557,88.68640491592292,2025-09-15 21:18:01,3.44,2,0,300.0,14242.630209819823,0,0,0.1618650811479403,1,0
27.367891504330192,88.62007697157918,2025-09-15 21:23:01,0.35,4,0,300.0,3482.078599257092,0,0,0.1009177945845362,1,0
27.38460568388787,88.53264443213797,2025-09-15 21:28:01,4.0,1,0,300.0,8890.524087620957,0,0,0.15454574297274976,1,0
27.359256877535763,88.70589644455846,2025-09-15 21:33:01,0.89,3,0,300.0,10090.306721894334,0,0,0.14814195101826916,1,0
27.239651702267,88.78926068142452,2025-09-15 21:38:01,0.36,4,0,300.0,21173.346310648365,0,1,-0.11271136261641634,-1,1
27.24556269810948,88.67866334956348,2025-09-15 21:43:01,1.57,4,0,300.0,12569.967462259576,0,0,0.17562461835053944,1,0
27.444778248278592,88.57566618119448,2025-09-15 21:48:01,5.12,4,0,300.0,12122.236067513426,0,0,0.15146068413944708,1,0
27.32497191640013,88.61480726413457,2025-09-15 21:53:01,4.82,2,0,300.0,1748.6543764553655,0,0,0.09660229068388104,1,0
27.37241113566577,88.6290616705547,2025-09-15 21:58:01,3.41,2,0,300.0,4332.656899374868,0,0,0.1606949955361492,1,0
27.19566496743441,88.74262715695065,2025-09-15 22:03:01,1.04,1,0,300.0,20822.934886785362,0,1,-0.10328502871556278,-1,1
27.32573963485113,88.4419664297787,2025-09-15 22:08:01,4.11,5,0,300.0,16347.653520231472,0,0,0.1313264769767844,1,0
27.368560159271244,88.72631251487152,2025-09-15 22:13:01,5.01,3,0,300.0,12301.707454255848,0,0,0.1545291612739133,1,0
27.37662007001419,88.48547451796215,2025-09-15 22:18:01,1.03,2,0,300.0,12682.655210585197,0,0,0.16528492701771003,1,0
27.227286000054686,88.6439250038133,2025-09-15 22:23:01,0.9,3,0,300.0,12910.831590426513,0,0,0.14957925942412142,1,0
27.354238967077208,88.62215227700435,2025-09-15 22:28:01,2.75,3,0,300.0,2299.49255950844,0,0,0.16013693635971415,1,0
27.340593555621737,88.65026293184768,2025-09-15 22:33:01,4.79,5,0,300.0,4334.619059244315,0,0,0.13131648670646506,1,0
27.29809952208676,88.56976778073201,2025-09-15 22:38:01,1.35,4,0,300.0,5801.453093430159,0,0,0.1609795471135158,1,0
27.452083963624357,88.57693008820675,2025-09-15 22:43:01,2.96,5,0,300.0,12878.369195318604,0,0,0.17073250587661049,1,0
27.251149550615988,88.7453988886091,2025-09-15 22:48:01,4.79,5,0,300.0,16840.862866662883,0,0,0.12839644121184496,1,0
27.383454456815645,88.53647132219166,2025-09-15 22:53:01,4.3,4,1,300.0,8507.430196401527,0,0,0.14942594129577386,1,0
27.215105880300698,88.66474950491057,2025-09-15 22:58:01,3.69,4,0,300.0,14880.457456557993,0,0,0.16062549569006618,1,0
27.351740531019026,88.7573290179813,2025-09-15 23:03:01,4.69,2,0,300.0,14992.188014047595,0,0,0.14720950809775485,1,0
27.42031419754139,88.61690739955843,2025-09-15 23:08:01,5.96,3,0,300.0,9080.019120460667,0,0,0.06874084333673391,1,0
27.42810635620702,88.67079213833091,2025-09-15 23:13:01,1.61,3,0,300.0,11753.939555561637,0,0,0.1810399005052104,1,0
27.29545621047637,88.80370247058582,2025-09-15 23:18:01,1.98,2,0,300.0,20102.983919664777,0,1,-0.10440102698214959,-1,1
27.316539292714715,88.5488419204233,2025-09-15 23:23:01,2.62,5,0,300.0,6220.899909344529,0,0,0.1901893457471281,1,0
27.34509295866246,88.62732385983605,2025-09-15 23:28:01,5.08,1,0,300.0,2171.8450488242884,0,0,0.09340607399124201,1,0
27.333623584054425,88.62371371417098,2025-09-15 23:33:01,0.15,4,0,300.0,1800.9804271956236,0,0,0.03510918577133759,1,0
27.36433859818274,88.7569970453899,2025-09-15 23:38:01,0.26,4,0,300.0,15155.279221959829,0,0,0.09490207915562332,1,0
27.305377022718552,88.60074998419954,2025-09-15 23:43:01,0.58,4,0,300.0,3757.973332641927,0,0,0.11256817804433117,1,0
27.438182509449064,88.71925513451774,2025-09-15 23:48:01,2.74,3,0,300.0,15665.776312357257,0,0,0.17705005542801905,1,0
27.312005469677548,88.77702047390677,2025-09-15 23:53:01,2.84,3,0,300.0,17137.10633995201,0,0,0.1612590029118972,1,0
27.238285432771324,88.52594201322744,2025-09-15 23:58:01,4.49,3,0,300.0,13707.767399616012,0,0,0.15722961833733873,1,0
27.352068663738912,88.43295854489715,2025-09-16 00:03:01,4.95,3,0,300.0,17233.77253900277,0,0,0.12591028854848774,1,0
27.44817417448496,88.56137482372043,2025-09-16 00:08:01,5.01,2,0,300.0,12905.013049217232,0,0,0.148557841046485,1,0
27.17099859424585,88.59196725583324,2025-09-16 00:13:01,5.81,1,0,300.0,18660.323604924186,0,0,0.051751411953055215,1,0
27.252075149106247,88.5514192439643,2025-09-16 00:18:01,2.2,3,0,300.0,11058.635725412993,0,0,0.19842004807109848,1,0
27.284529989446465,88.45399656163501,2025-09-16 00:23:01,1.52,4,0,300.0,16252.62946098713,0,0,0.15769377482645264,1,0
27.3265116945693,88.61261503794834,2025-09-16 00:28:01,2.7,2,0,300.0,1500.2011569513047,0,0,0.14937185035407824,1,0
27.371552045724385,88.6253848180993,2025-09-16 00:33:01,5.02,5,0,300.0,4072.1257530609705,0,0,0.1185540532442757,1,0
27.39290571157865,88.62942363082827,2025-09-16 00:38:01,5.41,4,0,300.0,6399.649312457929,0,0,0.13086269527116862,1,0
27.366438989656103,88.56141282007869,2025-09-16 00:43:01,4.36,3,0,300.0,5404.932849773808,0,0,0.14169118604080488,1,0
27.262496447507232,88.45171913698113,2025-09-16 00:48:01,4.12,5,0,300.0,17505.12843085875,0,0,0.1199702724148759,1,0
27.23868308650271,88.51102783705483,2025-09-16 00:53:01,5.14,2,0,300.0,14582.631021445617,0,0,0.13796722761184732,1,0
27.318043416041608,88.65895630258316,2025-09-16 00:58:01,4.47,5,0,300.0,5682.522655005275,0,0,0.14992747284970825,1,0
27.30352313688463,88.61891654001833,2025-09-16 01:03:01,1.8,4,0,300.0,4108.1654597812485,0,0,0.16878479472030766,1,0
27.33444925009643,88.59900445349773,2025-09-16 01:08:01,4.12,5,0,300.0,890.7350679007105,0,0,0.08824547533195937,1,0
27.35184997861031,88.68647613045944,2025-09-16 01:13:01,0.83,2,0,300.0,8042.676335568917,0,0,0.13195958704198096,1,0
27.34072433093234,88.6063443081965,2025-09-16 01:18:01,3.8,3,0,300.0,202.73831418315433,0,0,0.0699770361077301,1,0
27.372650324570188,88.5320208991026,2025-09-16 01:23:01,3.23,3,0,300.0,8263.698958379618,0,0,0.1832367723047666,1,0
27.15834849757366,88.57960456678151,2025-09-16 01:28:01,0.53,3,0,300.0,20182.98440445392,0,1,-0.10257049932422857,-1,1
27.214941758471767,88.70438887764477,2025-09-16 01:33:01,3.93,4,0,300.0,16810.737273916693,0,0,0.14210022007309075,1,0
27.33092861440445,88.59039398558028,2025-09-16 01:38:01,0.7,2,0,300.0,1822.2339799832332,0,0,0.11269901548801253,1,0
27.40404062751482,88.61130287704025,2025-09-16 01:43:01,2.59,3,0,300.0,7233.814065708155,0,0,0.1952789899443304,1,0
27.268881116534928,88.60468722132622,2025-09-16 01:48:01,1.13,1,0,300.0,7760.749584708187,0,0,0.1610729742562827,1,0
27.33509098927476,88.69732837993219,2025-09-16 01:53:01,2.49,2,0,300.0,8998.036178145376,0,0,0.18242361777807975,1,0
27.3619765348113,88.63460924723934,2025-09-16 01:58:01,3.33,4,0,300.0,3778.124042055931,0,0,0.1650840595143973,1,0
27.3393105644315,88.46041361764033,2025-09-16 02:03:01,4.17,5,0,300.0,14456.111936055035,0,0,0.1528902911861857,1,0
27.437085918177026,88.68236940624185,2025-09-16 02:08:01,5.77,4,0,300.0,13217.002171102822,0,0,0.10805664644649216,1,0
27.217851259280785,88.63170180092285,2025-09-16 02:13:01,5.94,3,0,300.0,13643.273388774196,0,0,0.07979061403132248,1,0
27.42936213533577,88.60274562397218,2025-09-16 02:18:01,1.6,1,0,300.0,10030.949115701389,0,0,0.17703801755919885,1,0
27.3501615311932,88.48234936902186,2025-09-16 02:23:01,0.2,1,0,300.0,12347.997165813345,0,0,0.07880196956346286,1,0
27.359538282829867,88.59968888520123,2025-09-16 02:28:01,5.94,4,0,300.0,2384.143177582419,0,0,0.05139717721920822,1,0
27.404471057667795,88.62160415629182,2025-09-16 02:33:01,4.22,1,0,300.0,7417.9365670502175,0,0,0.15379967942900802,1,0
27.337243494453425,88.62452301547299,2025-09-16 02:38:01,2.25,2,0,300.0,1792.9126449977416,0,0,0.16424840774090987,1,0
27.38349773107499,88.5658414608474,2025-09-16 02:43:01,0.3,1,0,300.0,6372.046325687097,0,0,0.09303698661704896,1,0
27.47095983684233,88.51715737594343,2025-09-16 02:48:01,0.61,3,0,300.0,17094.15661527128,0,0,0.11003076109565785,1,0
27.341259041974823,88.58877104142537,2025-09-16 02:53:01,2.89,1,0,300.0,1773.7292480444285,0,0,0.14805602798712414,1,0
27.50882816093268,88.59349726523227,2025-09-16 02:58:01,3.14,2,0,300.0,18873.62128847881,0,0,0.11803626146748009,1,0
27.3973068336643,88.66159944314266,2025-09-16 03:03:01,2.0,3,0,300.0,8461.686528636503,0,0,0.18221249434352765,1,0
27.33157755715854,88.62630103817055,2025-09-16 03:08:01,1.47,2,0,300.0,2120.8371197926745,0,0,0.13989512661931414,1,0
27.381660933858125,88.7692019341192,2025-09-16 03:13:01,2.72,2,0,300.0,16780.067256208502,0,0,0.164299918967644,1,0
27.316579753112368,88.6341534286217,2025-09-16 03:18:01,0.5,3,0,300.0,3688.743119424224,0,0,0.11132570900664646,1,0
27.435006409244245,88.66318180754351,2025-09-16 03:23:01,3.56,3,0,300.0,12035.1868799043,0,0,0.17340243620544982,1,0
27.381732093623175,88.47559604502119,2025-09-16 03:28:01,3.04,4,0,300.0,13793.463358820176,0,0,0.17499588235382646,1,0
27.304116657218305,88.6548120986101,2025-09-16 03:33:01,1.78,1,0,300.0,6141.523758178395,0,0,0.1771052972814084,1,0
27.393950920010163,88.57497168503797,2025-09-16 03:38:01,5.4,3,0,300.0,6851.340946191886,0,0,0.13341799017704603,1,0
27.392663953222417,88.74553817312758,2025-09-16 03:43:01,1.43,5,0,300.0,14990.004127387516,0,0,0.1625246604152477,1,0
27.429128021667893,88.60057945717335,2025-09-16 03:48:01,5.52,3,0,300.0,10015.267052816169,0,0,0.13198982738098447,1,0
27.36667464171857,88.59590347121365,2025-09-16 03:53:01,5.84,1,0,300.0,3251.36750051147,0,0,0.08083461446805029,1,0
27.30184220623792,88.64056142409403,2025-09-16 03:58:01,5.67,4,0,300.0,5312.851422417093,0,0,0.1108702300159149,1,0
27.39918446997531,88.48503199162057,2025-09-16 04:03:01,4.69,2,0,300.0,13748.609493577438,0,0,0.1536623316237975,1,0
27.40521548305717,88.7386774831834,2025-09-16 04:08:01,1.33,4,0,300.0,14999.180373339244,0,0,0.16039153612228801,1,0
27.35589941631984,88.51901327274823,2025-09-16 04:13:01,2.39,3,0,300.0,8859.217509046968,0,0,0.18809498882117048,1,0
27.386357047625665,88.7123685467668,2025-09-16 04:18:01,3.89,1,0,300.0,11720.048027508708,0,0,0.16439547440056018,1,0
27.330573754654885,88.61933430844614,2025-09-16 04:23:01,2.36,1,0,300.0,1569.8149368833913,0,0,0.1603072518433476,1,0
27.289989587642527,88.56226454091116,2025-09-16 04:28:01,3.99,1,0,300.0,6967.252026105021,0,0,0.1556770951603444,1,0
27.298277617443063,88.6649168685516,2025-09-16 04:33:01,6.0,1,0,300.0,7327.357950554165,0,0,0.056299864086712725,1,0
27.21704723939473,88.66325495214097,2025-09-16 04:38:01,3.58,3,0,300.0,14624.880676714169,0,0,0.16453472983356765,1,0
27.419161934804247,88.715598042382,2025-09-16 04:43:01,1.79,4,0,300.0,13984.493439726879,0,0,0.17973262975626741,1,0
27.202589691892182,88.57908868884857,2025-09-16 04:48:01,0.25,4,0,300.0,15346.167838322575,0,0,0.09057079230803156,1,0
27.3471862798413,88.64940077058431,2025-09-16 04:53:01,5.33,4,0,300.0,4343.2792729795165,0,0,0.10867348229683294,1,0
27.33504339896469,88.60591011994366,2025-09-16 04:58:01,2.55,5,0,300.0,431.31378525526867,0,0,0.09900472231778201,1,0
27.18530784127869,88.61590980648451,2025-09-16 05:03:01,0.92,4,0,300.0,17044.675961716814,0,0,0.14774086365622946,1,0
27.346185929685905,88.62237577952288,2025-09-16 05:08:01,5.98,1,0,300.0,1766.2614546634038,0,0,0.034015414751374706,1,0
27.35674947095909,88.73360718022754,2025-09-16 05:13:01,2.38,4,0,300.0,12731.534182847885,0,0,0.18860976776146543,1,0
27.41793388480532,88.6676631711632,2025-09-16 05:18:01,0.67,2,0,300.0,10644.407701010383,0,0,0.1276686421301496,1,0
27.481434967564116,88.66834232480697,2025-09-16 05:23:01,0.73,1,0,300.0,16937.001089072142,0,0,0.12709970051123615,1,0
27.33573130792844,88.66824958859672,2025-09-16 05:28:01,1.78,5,0,300.0,6120.634873046281,0,0,0.1771052972814084,1,0
27.31708008591365,88.63398599212377,2025-09-16 05:33:01,2.44,4,0,300.0,3639.395609762179,0,0,0.17541638259363318,1,0
27.24460570413211,88.54584856032938,2025-09-16 05:38:01,1.18,3,0,300.0,12050.923984900695,0,0,0.17002743782291235,1,0
27.314363824249465,88.59243617238862,2025-09-16 05:43:01,0.69,1,0,300.0,3054.3787584399106,0,0,0.12004385432695275,1,0
27.2635867180698,88.61690913780087,2025-09-16 05:48:01,2.35,3,0,300.0,8408.705118239628,0,0,0.1921785232369005,1,0
27.338972520207385,88.50490231296337,2025-09-16 05:53:01,4.7,2,0,300.0,10053.661266224062,0,0,0.15448254336747763,1,0
27.23036948929262,88.46853965525375,2025-09-16 05:58:01,0.97,4,0,300.0,18198.432890900625,0,0,0.12448707408152926,1,0
27.28550555358957,88.51907871576196,2025-09-16 06:03:01,2.19,5,0,300.0,10482.284171239222,0,0,0.19609721778099776,1,0
27.429359887847585,88.72901295669271,2025-09-16 06:08:01,5.99,1,0,300.0,15726.82613469428,0,0,0.057044855149644524,1,0
27.283091823506545,88.63733411938037,2025-09-16 06:13:01,5.16,4,0,300.0,6896.129276047244,0,0,0.13707529781657157,1,0
27.25482316830156,88.54385456338994,2025-09-16 06:18:01,1.08,5,0,300.0,11191.66647315972,0,0,0.1683040839705207,1,0
27.376611298072653,88.57494694202751,2025-09-16 06:23:01,3.87,2,0,300.0,5216.109566380025,0,0,0.1569848638909952,1,0
27.355203430917225,88.60578602415845,2025-09-16 06:28:01,1.38,3,0,300.0,1807.9477578817007,0,0,0.13516059257265461,1,0
27.33200917394544,88.60362159595338,2025-09-16 06:33:01,4.69,2,1,300.0,814.9638103978008,0,0,0.07399779585555644,1,0
27.39951042770473,88.7124755219294,2025-09-16 06:38:01,2.9,5,0,300.0,12450.783282307772,0,0,0.1823178129217653,1,0
27.271157409459967,88.53740508587077,2025-09-16 06:43:01,2.04,3,0,300.0,10155.007577985136,0,0,0.18395200717004884,1,0
27.364436159243755,88.4510314695993,2025-09-16 06:48:01,5.57,4,0,300.0,15640.809038375624,0,0,0.11805588285894775,1,0
27.382641360126087,88.66791566479463,2025-09-16 06:53:01,4.34,1,0,300.0,7772.610291955693,0,0,0.15441401032491148,1,0
27.43313211636969,88.52164073282987,2025-09-16 06:58:01,1.22,1,0,300.0,13397.26361375293,0,0,0.16606867697399857,1,0
27.366899878529665,88.80594146784688,2025-09-16 07:03:01,1.32,1,0,300.0,19975.792307492316,0,0,0.0928072229498419,1,0
27.376397560744252,88.43203109162039,2025-09-16 07:08:01,4.34,3,0,300.0,17754.81168413515,0,0,0.11416971237491819,1,0
27.44808424350479,88.6662720568526,2025-09-16 07:13:01,1.13,3,0,300.0,13465.819990325834,0,0,0.16444788964250356,1,0
27.40665050579906,88.58980947567764,2025-09-16 07:18:01,3.8,3,0,300.0,7686.816847889704,0,0,0.16635930560189344,1,0
27.312044498231167,88.59736569381406,2025-09-16 07:23:01,4.81,2,0,300.0,3110.101842772736,0,0,0.11934518060860172,1,0
27.3549429419034,88.6655810596679,2025-09-16 07:28:01,0.35,2,0,300.0,6110.296697488663,0,0,0.10819324854783868,1,0
27.33204390978912,88.62091974518516,2025-09-16 07:33:01,3.35,4,0,300.0,1616.5946577213683,0,0,0.14513342154293063,1,0
27.374971055157083,88.6602160069831,2025-09-16 07:38:01,5.05,5,0,300.0,6649.919525869409,0,0,0.1455087551076455,1,0
27.29641440917264,88.50885923717277,2025-09-16 07:43:01,1.34,5,0,300.0,10749.644205659068,0,0,0.17117227865183637,1,0
27.4222413138482,88.60705935793314,2025-09-16 07:48:01,4.33,5,0,300.0,9235.178121065535,0,0,0.1512752238796874,1,0
27.238910298221526,88.65787863804692,2025-09-16 07:53:01,2.18,1,0,300.0,12191.445071357082,0,0,0.1895469989712908,1,0
27.33102571322104,88.66412618024131,2025-09-16 07:58:01,5.87,4,0,300.0,5769.001550265244,0,0,0.08434751809581253,1,0
27.353575169229547,88.69662126052376,2025-09-16 08:03:01,1.49,3,0,300.0,9064.472495523396,0,0,0.1673946730986352,1,0
27.256790457139637,88.65135460305918,2025-09-16 08:08:01,1.52,3,0,300.0,10124.076228538002,0,0,0.17599304841369506,1,0
27.34717295286228,88.62020604259722,2025-09-16 08:13:01,2.07,1,0,300.0,1636.9960093600682,0,0,0.15527922709860537,1,0
27.38548978718845,88.50580875378364,2025-09-16 08:18:01,3.45,5,0,300.0,11220.12754799214,0,0,0.17493284249185653,1,0
27.33040629931695,88.61780680332215,2025-09-16 08:23:01,3.14,5,0,300.0,1462.115969673848,0,0,0.13931035202906877,1,0
27.428001773448344,88.6107587807605,2025-09-16 08:28:01,5.76,3,0,300.0,9882.313119117585,0,0,0.11228838132198504,1,0
27.339516957720463,88.5028098529225,2025-09-16 08:33:01,0.19,2,0,300.0,10260.921314252619,0,0,0.07301845669715412,1,0
27.215691680131773,88.72172498732891,2025-09-16 08:38:01,5.51,4,0,300.0,17791.636560798313,0,0,0.09428493121849257,1,0
27.415699350819175,88.49652623938232,2025-09-16 08:43:01,4.01,1,0,300.0,13811.92577820443,0,0,0.1528629068600546,1,0
27.44404745991721,88.7690782018297,2025-09-16 08:48:01,1.72,5,0,300.0,19857.84886795829,0,0,0.10018539579107344,1,0
27.385847600502117,88.652425989766,2025-09-16 08:53:01,2.07,3,0,300.0,6907.110428355411,0,0,0.1846399061039834,1,0
27.3475023561977,88.45197083639027,2025-09-16 08:58:01,0.27,4,0,300.0,15320.619439463331,0,0,0.09958460092554533,1,0
27.2926314821618,88.67998617609986,2025-09-16 09:03:01,4.93,1,0,300.0,8898.741849459768,0,0,0.14008928201926618,1,0
27.38256078716598,88.71340438923546,2025-09-16 09:08:01,4.73,4,0,300.0,11630.705968116054,0,0,0.15954659459367365,1,0
27.40976181084419,88.78986606217283,2025-09-16 09:13:01,2.32,2,0,300.0,19765.9162872758,0,0,0.09868881075040425,1,0
27.36373578054724,88.70768613613156,2025-09-16 09:18:01,0.49,3,0,300.0,10383.169115755582,0,0,0.11107331791478631,1,0
27.283205665241464,88.46387094454548,2025-09-16 09:23:01,1.71,4,0,300.0,15407.438676197075,0,0,0.1753780139327349,1,0
27.25993371113056,88.74773657170857,2025-09-16 09:28:01,1.41,4,0,300.0,16493.503392564828,0,0,0.15683742457251654,1,0
27.34715293146217,88.71797005967606,2025-09-16 09:33:01,3.8,3,0,300.0,11068.024404768496,0,0,0.16813345928984152,1,0
27.433143551048808,88.71030541755879,2025-09-16 09:38:01,2.86,1,0,300.0,14645.321927758177,0,0,0.17193741791757167,1,0
27.25279096349034,88.63942554713485,2025-09-16 09:43:01,2.71,5,0,300.0,10082.94252550062,0,0,0.19054658226995497,1,0
27.24718080520292,88.77462101868348,2025-09-16 09:48:01,1.1,5,0,300.0,19501.093719168548,0,0,0.10709907234211591,1,0
27.355705328880184,88.68251525373765,2025-09-16 09:53:01,1.35,5,0,300.0,7748.6589655477155,0,0,0.1659393257584697,1,0
27.382424023756155,88.78591668952122,2025-09-16 09:58:01,1.04,3,0,300.0,18394.33409003219,0,0,0.12387801062856674,1,0
27.20152624029025,88.56055301853866,2025-09-16 10:03:01,1.14,4,0,300.0,15887.410884607785,0,0,0.15504416138427696,1,0
27.504064815347807,88.6680934046093,2025-09-16 10:08:01,4.54,3,0,300.0,19288.731638642654,0,0,0.0850398359739567,1,0
27.34190472875245,88.6411829670282,2025-09-16 10:13:01,2.03,2,0,300.0,3448.140458648237,0,0,0.1697749828309441,1,0
27.30799986321112,88.73837579562029,2025-09-16 10:18:01,1.01,1,0,300.0,13493.316306968827,0,0,0.15607029118342097,1,0
27.434995986178368,88.75623243115861,2025-09-16 10:23:01,1.61,5,0,300.0,18241.09357380583,0,0,0.14065853260922884,1,0
27.47817363790468,88.61137042869477,2025-09-16 10:28:01,4.94,3,0,300.0,15440.423479520663,0,0,0.13844782883702367,1,0
27.275397989478478,88.58907176124181,2025-09-16 10:33:01,4.57,1,1,300.0,7244.93704029147,0,0,0.15576523706313095,1,0
27.323142523103517,88.62124403449671,2025-09-16 10:38:01,0.92,1,0,300.0,2275.4657079711174,0,0,0.12513531572995779,1,0
27.30320867092534,88.4607018307363,2025-09-16 10:43:01,2.35,2,0,300.0,14962.019904310377,0,0,0.18460126220448747,1,0
27.47927479311719,88.73204803458515,2025-09-16 10:48:01,4.56,5,0,300.0,19902.48565544995,0,0,0.052912675418324784,1,0
27.331234747850296,88.62308710179539,2025-09-16 10:53:01,1.88,2,0,300.0,1848.1824311814325,0,0,0.15550097904200894,1,0
27.25757101843587,88.65368301045984,2025-09-16 10:58:01,5.09,4,0,300.0,10150.38881003309,0,0,0.14725374749395576,1,0
27.435536341174,88.77139849328202,2025-09-16 11:03:01,1.09,5,0,300.0,19511.54109715839,0,0,0.10688200907948114,1,0
27.32221854522321,88.74656969211682,2025-09-16 11:08:01,0.3,2,0,300.0,13984.42100603476,0,0,0.10221784211915486,1,0
27.474503179352563,88.73779420183241,2025-09-16 11:13:01,3.33,2,0,300.0,19859.007495490598,0,0,0.07598087358011119,1,0
27.243328111431147,88.49316224059321,2025-09-16 11:18:01,0.97,5,0,300.0,15428.682117214685,0,0,0.14931204447500196,1,0
27.39374654445998,88.60952246465538,2025-09-16 11:23:01,0.46,3,0,300.0,6084.859182692814,0,0,0.10896518628474605,1,0
27.29322107920167,88.67452175760235,2025-09-16 11:28:01,0.65,1,0,300.0,8422.984674175596,0,0,0.11015723815808881,1,0
27.381024047550195,88.73928987561077,2025-09-16 11:33:01,0.69,5,0,300.0,13942.380674084425,0,0,0.12647146050680325,1,0
27.280160778719125,88.58423929068,2025-09-16 11:38:01,4.13,2,0,300.0,6871.641376241388,0,0,0.15062431435013646,1,0
27.389367323181645,88.52096503122544,2025-09-16 11:43:01,5.08,3,0,300.0,10143.118628758957,0,0,0.14694396736233972,1,0
27.508194832961813,88.60726887630406,2025-09-16 11:48:01,4.67,5,0,300.0,18759.75173546395,0,0,0.09725162541441634,1,0
27.39221779287759,88.73406142454758,2025-09-16 11:53:01,4.58,1,0,300.0,13934.400157224147,0,0,0.14597138751112138,1,0
27.306815977780747,88.64839557354938,2025-09-16 11:58:01,2.67,4,0,300.0,5461.86535033231,0,0,0.18159824964524052,1,0
27.340809564206364,88.57476996667673,2025-09-16 12:03:01,2.48,1,0,300.0,3146.959819794632,0,0,0.1721339556952241,1,0
27.419490470898097,88.65109598469118,2025-09-16 12:08:01,4.35,3,0,300.0,9960.370652794785,0,0,0.1600832673699209,1,0
27.30374354815563,88.68958783710741,2025-09-16 12:13:01,1.04,2,0,300.0,9099.380459027372,0,0,0.1516483073442101,1,0
27.39111802150403,88.57849310918374,2025-09-16 12:18:01,2.19,5,0,300.0,6415.439770027063,0,0,0.18832439704070142,1,0
27.24640837590022,88.63450387219359,2025-09-16 12:23:01,4.23,1,0,300.0,10617.155977481278,0,0,0.16025604061482868,1,0
27.321515389522883,88.65364815222013,2025-09-16 12:28:01,3.12,2,0,300.0,5047.956902050137,0,0,0.17415069159101604,1,0
27.31102248340422,88.63596508216479,2025-09-16 12:33:01,3.95,4,0,300.0,4248.05755658293,0,0,0.14127294433386356,1,0
27.32559557030034,88.61187822402819,2025-09-16 12:38:01,4.67,5,0,300.0,1567.3806545030748,0,0,0.10342985086317891,1,0
27.31142926698813,88.67178043124389,2025-09-16 12:43:01,2.26,1,0,300.0,7141.851963222509,0,0,0.19480779071043824,1,0
27.38680508593161,88.655322879908,2025-09-16 12:48:01,3.16,2,0,300.0,7177.028198399936,0,0,0.18895574783059643,1,0
27.240639539875037,88.79010808369712,2025-09-16 12:53:01,2.49,4,0,300.0,21188.555849683147,0,1,-0.12806629508838296,-1,1
27.329408280213364,88.70737382990774,2025-09-16 12:58:01,3.31,3,0,300.0,10037.711628188146,0,0,0.18496561051074573,1,0
27.30756120025071,88.70708371603648,2025-09-16 13:03:01,2.25,5,0,300.0,10543.031595852552,0,0,0.19617538479027813,1,0
27.29046129326398,88.73631655142292,2025-09-16 13:08:01,0.94,3,0,300.0,13924.890489832891,0,0,0.15495492959948043,1,0
27.450711713074103,88.72640396545928,2025-09-16 13:13:01,3.51,1,0,300.0,17150.76300442115,0,0,0.1417548384835075,1,0
27.47882975021436,88.562207969445,2025-09-16 13:18:01,5.37,3,0,300.0,16112.42064868181,0,0,0.11886345623890249,1,0
27.430608886009647,88.45852112913073,2025-09-16 13:23:01,0.96,4,0,300.0,17819.13356520547,0,0,0.1321919052515022,1,0
27.423611453676507,88.59952523633345,2025-09-16 13:28:01,5.59,4,0,300.0,9412.15848194132,0,0,0.1349360593742196,1,0
27.326286979490973,88.59457141441048,2025-09-16 13:33:01,4.25,4,0,300.0,1829.4485760638706,0,0,0.11401248663510283,1,0
27.493995473498877,88.665643892948,2025-09-16 13:38:01,0.3,3,0,300.0,18154.0356919413,0,0,0.06450989495592563,1,0
27.30852610434742,88.58602762036915,2025-09-16 13:43:01,0.27,3,0,300.0,3928.4962953868053,0,0,0.08350928808308977,1,0
27.16275808408923,88.5570711874681,2025-09-16 13:48:01,3.63,2,0,300.0,20122.333474255174,0,1,-0.12439300429612732,-1,1
27.28590200654584,88.70082685161002,2025-09-16 13:53:01,0.17,5,0,300.0,11029.773756836832,0,0,0.0692014118971358,1,0
27.203824141451683,88.57957839970818,2025-09-16 13:58:01,1.31,3,0,300.0,15202.978579538732,0,0,0.1615402628715053,1,0
27.28248911213409,88.57323381423802,2025-09-16 14:03:01,4.65,5,0,300.0,7065.016124375486,0,0,0.15681210869892215,1,0
27.296888281991432,88.61194103944406,2025-09-16 14:08:01,3.26,5,0,300.0,4686.302011798997,0,0,0.1737395444799198,1,0
27.304452573755874,88.70813220565012,2025-09-16 14:13:01,1.17,5,0,300.0,10758.535818823506,0,0,0.17271382605875035,1,0
27.28184402145994,88.70303507599385,2025-09-16 14:18:01,2.57,1,0,300.0,11457.390797851689,0,0,0.190620588663998,1,0
27.321146752119127,88.62366224058214,2025-09-16 14:23:01,1.29,1,0,300.0,2598.9646366726433,0,0,0.14270027581965933,1,0
27.24126368916236,88.54144142263819,2025-09-16 14:28:01,1.73,4,0,300.0,12590.927559412903,0,0,0.1873068659465132,1,0
27.48045304470212,88.54373060464822,2025-09-16 14:33:01,0.71,5,0,300.0,16869.110195619527,0,0,0.12505391257704102,1,0
27.29444725398643,88.46408516433718,2025-09-16 14:38:01,2.49,3,0,300.0,14931.432000412848,0,0,0.18150198386945376,1,0
27.429820590081366,88.66552767782647,2025-09-16 14:43:01,3.01,2,0,300.0,11644.479250893146,0,0,0.17983337434869867,1,0
27.330169948754936,88.62009321652874,2025-09-16 14:48:01,2.88,2,0,300.0,1656.8950919592417,0,0,0.14287046617659477,1,0
27.373155854524324,88.59910137153574,2025-09-16 14:53:01,0.36,4,0,300.0,3865.802169800197,0,0,0.10011880963184372,1,0
27.15278485132484,88.61821379113651,2025-09-16 14:58:01,0.87,3,0,300.0,20655.540189951687,0,1,-0.09234905098143231,-1,1
27.341610883773704,88.49175500865125,2025-09-16 15:03:01,3.12,4,0,300.0,11358.495438996473,0,0,0.18593936160360847,1,0
27.248711386162185,88.56396611752587,2025-09-16 15:08:01,3.18,2,0,300.0,10844.466430507535,0,0,0.18493246838710503,1,0
27.33336121083906,88.69892973938546,2025-09-16 15:13:01,1.87,2,0,300.0,9167.237087215819,0,0,0.17775170659140815,1,0
27.378139654068505,88.43851272554862,2025-09-16 15:18:01,5.95,3,0,300.0,17179.70488447197,0,0,0.06568084084869552,1,0
27.47218532811666,88.72561705718797,2025-09-16 15:23:01,1.19,5,0,300.0,18891.99188948833,0,0,0.11971810754082873,1,0
27.43688671100317,88.60195590082304,2025-09-16 15:28:01,4.53,1,0,300.0,10867.172377334258,0,0,0.16532089980149317,1,0
27.34930689673542,88.55817133857875,2025-09-16 15:33:01,5.03,5,0,300.0,4919.243677975299,0,0,0.12906305715992844,1,0
27.34929429316204,88.67946799726883,2025-09-16 15:38:01,0.62,3,0,300.0,7311.545441543084,0,0,0.11071241892891126,1,0
27.190005091207183,88.64320862520765,2025-09-16 15:43:01,5.54,5,0,300.0,16894.37763520195,0,0,0.11141380584179483,1,0
27.23685594233461,88.64052639418281,2025-09-16 15:48:01,1.14,1,0,300.0,11798.427523189677,0,0,0.16776301201296928,1,0
27.34498918377809,88.66594708093378,2025-09-16 15:53:01,3.8,2,0,300.0,5921.032289366594,0,0,0.16668708385431774,1,0
27.33582846493339,88.63585936808782,2025-09-16 15:58:01,3.23,1,0,300.0,2925.182371421743,0,0,0.16371891616624623,1,0
27.31398411134652,88.63398028020057,2025-09-16 16:03:01,1.18,5,0,300.0,3875.4288209740025,0,0,0.15620449760347782,1,0
